upazila,district
Abhaynagar,Jessore
Adabor,Dhaka
Adamdighi,Bogra
Aditmari,Lalmonirhat
Agailjhara,Barisal
Ajmiriganj,Habiganj
Akhaura,Brahamanbaria
Akkelpur,Joypurhat
Alamdanga,Chuadanga
Alfadanga,Faridpur
Alikadam,Bandarban
Amtali,Barguna
Anowara,Chittagong
Araihazar,Narayanganj
Ashuganj,Brahamanbaria
Assasuni,Satkhira
Atgharia,Pabna
Atpara,Netrakona
Atrai,Naogaon
Atwari,Panchagarh
Austagram,Kishoreganj
Babuganj,Barisal
Badalgachhi,Naogaon
Badarganj,Rangpur
Badda,Dhaka
Bagati Para,Natore
Bagerhat Sadar,Bagerhat
Bagha,Rajshahi
Baghai Chhari,Rangamati
Bagher Para,Jessore
Baghmara,Rajshahi
Bahubal,Habiganj
Bajitpur,Kishoreganj
Bakalia,Chittagong
Bakerganj,Barisal
Bakshiganj,Jamalpur
Balaganj,Sylhet
Balia Kandi,Rajbari
Baliadangi,Thakurgaon
Bamna,Barguna
Banari Para,Barisal
Banchharampur,Brahamanbaria
Bandar,Narayanganj
Bandarban Sadar,Bandarban
Bangshal,Dhaka
Baniachong,Habiganj
Banshkhali,Chittagong
Baraigram,Natore
Barguna Sadar,Barguna
Barhatta,Netrakona
Barisal Sadar (Kotwali),Barisal
Barkal,Rangamati
Barlekha,Maulvibazar
Barura,Comilla
Basail,Tangail
Batiaghata,Khulna
Bauphal,Patuakhali
Bayejid Bostami,Chittagong
Beani Bazar,Sylhet
Begumganj,Noakhali
Belabo,Narsingdi
Belai Chhari,Rangamati
Belkuchi,Sirajganj
Bera,Pabna
Betagi,Barguna
Bhairab,Kishoreganj
Bhaluka,Mymensingh
Bhandaria,Pirojpur
Bhanga,Faridpur
Bhangura,Pabna
Bhedarganj,Shariatpur
Bheramara,Kushtia
Bhola Sadar,Bhola
Bholahat,Nawabganj
Bhuapur,Tangail
Bhurungamari,Kurigram
Bijoynagar,Brahamanbaria
Biman Bandar,Dhaka
Biral,Dinajpur
Birampur,Dinajpur
Birganj,Dinajpur
Bishwambarpur,Sunamganj
Bishwanath,Sylhet
Boalia,Rajshahi
Boalkhali,Chittagong
Boalmari,Faridpur
Bochaganj,Dinajpur
Boda,Panchagarh
Bogra Sadar,Bogra
Brahman Para,Comilla
Brahmanbaria Sadar,Brahamanbaria
Burhanuddin,Bhola
Burichang,Comilla
Cantonment,Dhaka
Chak Bazar,Dhaka
Chakaria,Cox's Bazar
Chandanaish,Chittagong
Chandgaon,Chittagong
Chandina,Comilla
Chandpur Sadar,Chandpur
Char Bhadrasan,Faridpur
Char Fasson,Bhola
Char Rajibpur,Kurigram
Charghat,Rajshahi
Chatkhil,Noakhali
Chatmohar,Pabna
Chauddagram,Comilla
Chaugachha,Jessore
Chauhali,Sirajganj
Chhagalnaiya,Feni
Chhatak,Sunamganj
Chilmari,Kurigram
Chirirbandar,Dinajpur
Chitalmari,Bagerhat
Chittagong Port,Chittagong
Chuadanga Sadar,Chuadanga
Chunarughat,Habiganj
Comilla Adarsha Sadar,Comilla
Comilla Sadar Dakshin,Comilla
Companiganj,Noakhali
Companiganj,Sylhet
Cox's Bazar Sadar,Cox's Bazar
Dacope,Khulna
Daganbhuiyan,Feni
Dakshin Sunamganj,Sunamganj
Dakshin Surma,Sylhet
Dakshinkhan,Dhaka
Damudya,Shariatpur
Damurhuda,Chuadanga
Darus Salam,Dhaka
Dashmina,Patuakhali
Daudkandi,Comilla
Daulatkhan,Bhola
Daulatpur,Manikganj
Daulatpur,Khulna
Daulatpur,Kushtia
Debhata,Satkhira
Debidwar,Comilla
Debiganj,Panchagarh
Delduar,Tangail
Demra,Dhaka
Derai,Sunamganj
Dewanganj,Jamalpur
Dhamoirhat,Naogaon
Dhamrai,Dhaka
Dhanbari,Tangail
Dhanmondi,Dhaka
Dharampasha,Sunamganj
Dhobaura,Mymensingh
Dhunat,Bogra
Dhupchanchia,Bogra
Dighalia,Khulna
Dighinala,Khagrachhari
Dimla,Nilphamari
Dinajpur Sadar,Dinajpur
Dohar,Dhaka
Domar,Nilphamari
Double Mooring,Chittagong
Dowarabazar,Sunamganj
Dumki,Patuakhali
Dumuria,Khulna
Durgapur,Netrakona
Durgapur,Rajshahi
Fakirhat,Bagerhat
Faridganj,Chandpur
Faridpur,Pabna
Faridpur Sadar,Faridpur
Fatikchhari,Chittagong
Fenchuganj,Sylhet
Feni Sadar,Feni
Fulbari,Dinajpur
Fulbaria,Mymensingh
Fulchhari,Gaibandha
Fulgazi,Feni
Gabtali,Bogra
Gaffargaon,Mymensingh
Gaibandha Sadar,Gaibandha
Galachipa,
Gangachara,Rangpur
Gangni,Meherpur
Gauripur,Mymensingh
Gaurnadi,Barisal
Gazaria,Munshiganj
Gazipur Sadar,Gazipur
Gendaria,Dhaka
Ghatail,Tangail
Ghior,Manikganj
Ghoraghat,Dinajpur
Goalandaghat,Rajbari
Gobindaganj,Gaibandha
Godagari,Rajshahi
Golabganj,Sylhet
Gomastapur,Nawabganj
Gopalganj Sadar,Gopalganj
Gopalpur,Tangail
Gosairhat,Shariatpur
Gowainghat,Sylhet
Gulshan,Dhaka
Gurudaspur,Natore
Habiganj Sadar,Habiganj
Haim Char,
Hajiganj,Chandpur
Hakimpur,Dinajpur
Halishahar,Chittagong
Haluaghat,Mymensingh
Harinakunda,Jhenaidah
Haripur,Thakurgaon
Harirampur,Manikganj
Hathazari,Chittagong
Hatibandha,Lalmonirhat
Hatiya,Noakhali
Hazaribagh,Dhaka
Hizla,Barisal
Homna,Comilla
Hossainpur,Kishoreganj
Ishwardi,Pabna
Ishwarganj,Mymensingh
Islampur,Jamalpur
Itna,Kishoreganj
Jagannathpur,Sunamganj
Jaintiapur,Sylhet
Jaldhaka,Nilphamari
Jamalganj,Sunamganj
Jamalpur Sadar,Jamalpur
Jatrabari,Dhaka
Jhalokati Sadar,Jhalokati
Jhenaidah Sadar,Jhenaidah
Jhenaigati,Sherpur
Jhikargachha,Jessore
Jiban Nagar,Chuadanga
Joypurhat Sadar,Joypurhat
Jurai Chhari,Rangamati
Juri,Maulvibazar
Kabirhat,Noakhali
Kachua,Chandpur
Kachua,Bagerhat
Kadamtali,Dhaka
Kafrul,Dhaka
Kahaloo,Bogra
Kaharole,Dinajpur
Kala Para,Patuakhali
Kalabagan,Dhaka
Kalai,Joypurhat
Kalaroa,Satkhira
Kalia,Narail
Kaliakair,Gazipur
Kaliganj,Gazipur
Kaliganj,Jhenaidah
Kaliganj,Satkhira
Kaliganj,Lalmonirhat
Kalihati,Tangail
Kalkini,Madaripur
Kalmakanda,Netrakona
Kalukhali,Rajbari
Kamalganj,Maulvibazar
Kamalnagar,Lakshmipur
Kamarkhanda,Sirajganj
Kamrangir Char,Dhaka
Kanaighat,Sylhet
Kanthalia,Jhalokati
Kapasia,Gazipur
Kaptai,Rangamati
Karimganj,Kishoreganj
Kasba,Brahamanbaria
Kashiani,Gopalganj
Katiadi,Kishoreganj
Kaunia,Rangpur
Kawkhali,Pirojpur
Kawkhali (Betbunia),Rangamati
Kazipur,Sirajganj
Kendua,Netrakona
Keraniganj,Dhaka
Keshabpur,Jessore
Khagrachhari Sadar,Khagrachhari
Khaliajuri,Netrakona
Khalishpur,Khulna
Khan Jahan Ali,Khulna
Khansama,Dinajpur
Khetlal,Joypurhat
Khilgaon,Dhaka
Khilkhet,Dhaka
Khoksa,Kushtia
Khulna Sadar,Khulna
Khulshi,Chittagong
Kishoreganj,Nilphamari
Kishoreganj Sadar,Kishoreganj
Kotali Para,Gopalganj
Kotchandpur,Jhenaidah
Kotwali,Chittagong
Kotwali,Dhaka
Kotwali,Jessore
Koyra,Khulna
Kulaura,Maulvibazar
Kuliar Char,Kishoreganj
Kumarkhali,Kushtia
Kurigram Sadar,Kurigram
Kushtia Sadar,Kushtia
Kutubdia,Cox's Bazar
Lakhai,Habiganj
Laksam,Comilla
Lakshmichhari,Khagrachhari
Lakshmipur Sadar,Lakshmipur
Lalbagh,Dhaka
Lalmohan,Bhola
Lalmonirhat Sadar,Lalmonirhat
Lalpur,Natore
Lama,Bandarban
Langadu,Rangamati
Lohagara,Chittagong
Lohagara,Narail
Lohajang,Munshiganj
Madan,Netrakona
Madarganj,Jamalpur
Madaripur Sadar,Madaripur
Madhabpur,Habiganj
Madhukhali,Faridpur
Madhupur,Tangail
Magura Sadar,Magura
Mahadebpur,Naogaon
Mahalchhari,Khagrachhari
Maheshkhali,Cox's Bazar
Maheshpur,Jhenaidah
Manda,Naogaon
Manikchhari,Khagrachhari
Manikganj Sadar,Manikganj
Manirampur,Jessore
Manohardi,Narsingdi
Manoharganj,Comilla
Manpura,Bhola
Mathbaria,Pirojpur
Matihar,Rajshahi
Matiranga,Khagrachhari
Matlab Dakshin,Chandpur
Matlab Uttar,Chandpur
Maulvi Bazar Sadar,Maulvibazar
Meghna,Comilla
Mehendiganj,
Meherpur Sadar,Meherpur
Melandaha,Jamalpur
Mirpur,Dhaka
Mirpur,Kushtia
Mirsharai,Chittagong
Mirzaganj,Patuakhali
Mirzapur,Tangail
Mitha Pukur,Rangpur
Mithamain,Kishoreganj
Mohammadpur,Dhaka
Mohammadpur,Magura
Mohanganj,Netrakona
Mohanpur,Rajshahi
Mollahat,Bagerhat
Mongla,Bagerhat
Morrelganj,Bagerhat
Motijheel,Dhaka
Mujib Nagar,Meherpur
Muksudpur,Gopalganj
Muktagachha,Mymensingh
Muladi,Barisal
Munshiganj Sadar,Munshiganj
Muradnagar,Comilla
Mymensingh Sadar,Mymensingh
Nabiganj,Habiganj
Nabinagar,Brahamanbaria
Nachole,Nawabganj
Nagarkanda,Faridpur
Nagarpur,Tangail
Nageshwari,Kurigram
Naikhongchhari,Cox's Bazar
Nakla,Sherpur
Nalchity,Jhalokati
Nalitabari,Sherpur
Nandail,Mymensingh
Nandigram,Bogra
Nangalkot,Comilla
Naniarchar,Rangamati
Naogaon Sadar,Naogaon
Narail Sadar,Narail
Narayanganj Sadar,Narayanganj
Naria,Shariatpur
Narsingdi Sadar,Narsingdi
Nasirnagar,Brahamanbaria
Natore Sadar,Natore
Nawabganj,Dhaka
Nawabganj,Dinajpur
Nawabganj Sadar,Nawabganj
Nazirpur,Pirojpur
Nesarabad (Swarupkati),Pirojpur
Netrokona Sadar,Netrakona
New Market,Dhaka
Niamatpur,Naogaon
Nikli,Kishoreganj
Nilphamari Sadar,Nilphamari
Noakhali Sadar (Sudharam),Noakhali
Paba,Rajshahi
Pabna Sadar,Pabna
Pahartali,Chittagong
Paikgachha,Khulna
Pakundia,Kishoreganj
Palash,Narsingdi
Palashbari,Gaibandha
Pallabi,Dhaka
Paltan,Dhaka
Panchagarh Sadar,Panchagarh
Panchbibi,Joypurhat
Panchhari,Khagrachhari
Panchlaish,Chittagong
Pangsha,Rajbari
Parbatipur,Dinajpur
Parshuram,Feni
Patenga,Chittagong
Patgram,Lalmonirhat
Patharghata,Barguna
Patiya,Chittagong
Patnitala,Naogaon
Patuakhali Sadar,Patuakhali
Pekua,Cox's Bazar
Phulbari,Kurigram
Phulpur,Mymensingh
Phultala,Khulna
Pirgachha,Rangpur
Pirganj,Rangpur
Pirganj,Thakurgaon
Pirojpur Sadar,Pirojpur
Porsha,Naogaon
Purbadhala,Netrakona
Puthia,Rajshahi
Rajapur,Jhalokati
Rajarhat,Kurigram
Rajasthali,Rangamati
Rajbari Sadar,Rajbari
Rajnagar,Maulvibazar
Rajoir,Madaripur
Rajpara,Rajshahi
Ramganj,Lakshmipur
Ramgarh,Khagrachhari
Ramgati,Lakshmipur
Ramna,Dhaka
Rampal,Bagerhat
Rampura,Dhaka
Ramu,Cox's Bazar
Rangamati Sadar,Rangamati
Rangpur Sadar,Rangpur
Rangunia,Chittagong
Raninagar,Naogaon
Ranisankail,Thakurgaon
Raozan,Chittagong
Raumari,Kurigram
Rowangchhari,Bandarban
Royganj,Sirajganj
Roypur,Lakshmipur
Roypura,Narsingdi
Ruma,Bandarban
Rupganj,Narayanganj
Rupsa,Khulna
Sabujbagh,Dhaka
Sadarpur,Faridpur
Sadullapur,Gaibandha
Saghatta,Gaibandha
Saidpur,Nilphamari
Sakhipur,Tangail
Saltha,Faridpur
Sandwip,Chittagong
Santhia,Pabna
Sapahar,Naogaon
Sarail,Brahamanbaria
Sarankhola,Bagerhat
Sariakandi,Bogra
Sarishabari,Jamalpur
Satkania,Chittagong
Satkhira Sadar,Satkhira
Saturia,Manikganj
Savar,Dhaka
Senbagh,Noakhali
Serajdikhan,Munshiganj
Shah Ali,Dhaka
Shah Makhdum,Rajshahi
Shahbagh,Dhaka
Shahjadpur,Sirajganj
Shahrasti,Chandpur
Shailkupa,Jhenaidah
Shajahanpur,Bogra
Shalikha,Magura
Shariatpur Sadar,Shariatpur
Sharsha,Jessore
Sher-e-bangla Nagar,Dhaka
Sherpur,Bogra
Sherpur Sadar,Sherpur
Shib Char,Madaripur
Shibalaya,Manikganj
Shibganj,Bogra
Shibganj,Nawabganj
Shibpur,Narsingdi
Shyamnagar,Satkhira
Shyampur,Dhaka
Singair,Manikganj
Singra,Natore
Sirajganj Sadar,Sirajganj
Sitakunda,Chittagong
Sonadanga,Khulna
Sonagazi,Feni
Sonaimuri,Noakhali
Sonargaon,Narayanganj
Sonatola,Bogra
Sreebardi,Sherpur
Sreemangal,Maulvibazar
Sreenagar,Munshiganj
Sreepur,Gazipur
Sreepur,Magura
Subarnachar,Noakhali
Sujanagar,Pabna
Sulla,Sunamganj
Sunamganj Sadar,Sunamganj
Sundarganj,Gaibandha
Sutrapur,Dhaka
Sylhet Sadar,Sylhet
Tahirpur,Sunamganj
Tala,Satkhira
Tangail Sadar,Tangail
Tanore,Rajshahi
Taraganj,Rangpur
Tarail,Kishoreganj
Tarash,Sirajganj
Tazumuddin,
Tejgaon,Dhaka
Tejgaon Ind. Area,Dhaka
Teknaf,Cox's Bazar
Tentulia,Panchagarh
Terokhada,Khulna
Thakurgaon Sadar,Thakurgaon
Thanchi,Bandarban
Titas,Comilla
Tongibari,Munshiganj
Trishal,Mymensingh
Tungi Para,Gopalganj
Turag,Dhaka
Ukhia,Cox's Bazar
Ulipur,Kurigram
Ullah Para,Sirajganj
Uttar Khan,Dhaka
Uttara,Dhaka
Wazirpur,Barisal
Zakiganj,Sylhet
Zanjira,Shariatpur
Zianagar,Bagerhat
