,0
epiweek,1.0998373
doses_mcv,0.15057105
age,0.13359635
division_DHAKA,0.06903889
fever_duration,0.061833084
sex_FEMALE,0.06006868
rash_duration,0.05796274
division_RANGPUR,0.047115143
ccc_YES,0.042754177
doses_rcv,0.03444688
division_KHULNA,0.033651877
district_CHITTAGONG,0.030621951
ccc_UNKNOWN,0.020785794
division_SYLHET,0.019209018
upzmunc_CHITTAGONG CC.,0.018269992
division_CHITTAGONG,0.014790756
upzmunc_DHAKA NORTH CC.,0.013590443
district_FENI,0.012765311
district_SATKHIRA,0.012670807
district_NOWABGANJ,0.011242405
district_PABNA,0.010738549
division_MYMENSINGH,0.010673633
division_BARISAL,0.010642558
upzmunc_GAZIPUR SADAR,0.009889669
invest_lag,0.009250365
fever_and_rash,0.008926708
district_MADARIPUR,0.008406449
upzmunc_CHAUGACHHA,0.008158278
upzmunc_DHAKA SOUTH CC.,0.008079554
upzmunc_MADARIPUR SADAR,0.008058237
division_RAJSHAHI,0.0077458983
district_BOGRA,0.0075112623
upzmunc_CHANDPUR SADAR,0.007454585
upzmunc_SAVAR,0.0071639274
vax_status_UNVACCINATED,0.00701283
district_NARAYANGANJ,0.006575196
district_CHANDPUR,0.00628562
upzmunc_KALIAKAIR,0.0059886556
district_COX'S BAZAR,0.0056910384
upzmunc_BARISAL SADAR,0.0054753097
upzmunc_NARAYANGANJ SADAR,0.0054692426
district_LAKSHMIPUR,0.005440745
district_BARGUNA,0.0052187424
upzmunc_MIRZAPUR,0.0051649115
district_TANGAIL,0.005076294
district_SARIATPUR,0.0050069387
sex_MALE,0.004900612
upzmunc_COMILLA SADAR,0.0046033273
district_JHALAKATI,0.0045473585
ccc_NO,0.0044294493
upzmunc_SITAKUNDA,0.004400886
district_COMILLA,0.0043340554
district_MOULVI BAZAR,0.0043237484
district_KHAGRACHARI,0.004265148
district_THAKURGOAN,0.0041527655
upzmunc_GODAGARI,0.004077024
upzmunc_SREEPUR_MAG,0.003966672
district_MAGURA,0.0039454214
district_KUSHTIA,0.003925936
upzmunc_TITAS,0.0038629158
upzmunc_FAKIRHAT,0.0038287886
upzmunc_KALMAKANDA,0.003825946
district_BARISAL,0.003670216
district_NETROKONA,0.003634402
upzmunc_COMILLA SADAR SOUTH,0.0035808652
district_JESSORE,0.0035644686
upzmunc_MAHESHKHALI,0.0035419601
district_MYMENSINGH,0.0035256965
district_BRAHMANBARIA,0.003473604
upzmunc_BARLEKHA,0.0034196724
upzmunc_DHAMRAI,0.003294912
upzmunc_SENBAGH,0.0031724584
upzmunc_BHANGA,0.0030454416
upzmunc_KAPASIA,0.0030028997
upzmunc_MEHDIGANJ,0.0028992053
upzmunc_BAKERGANJ,0.0028018565
upzmunc_BARGUNA SADAR,0.002791667
upzmunc_SONARGAON,0.0027893803
upzmunc_NANGALKOT,0.002673094
district_HABIGANJ,0.0026631637
upzmunc_KERANIGANJ,0.0026158968
district_MUNSHIGANJ,0.0026039723
district_GOPALGANJ,0.0025465859
district_DHAKA,0.0025006675
upzmunc_PABNA SADAR,0.0024342907
district_CHITTAGONG CC.,0.0023872887
upzmunc_PABA,0.0023605807
upzmunc_COMPANIGANJ-NOA,0.002347983
district_RANGAMATI,0.0023220633
upzmunc_MURADNAGAR,0.0023196677
upzmunc_DOWARABAZAR,0.0023071659
upzmunc_NOAKHALI SADAR,0.002270041
district_MEHERPUR,0.0022233545
upzmunc_CHAKARIA,0.002221799
upzmunc_MONOHORGANJ,0.0021826166
district_JAMALPUR,0.0021575391
upzmunc_JESSORE MUN.,0.0020120153
upzmunc_SUNAMGANJ SADAR,0.0020117164
upzmunc_PAIKGACHHA,0.0019855136
district_RAJSHAHI,0.001970734
upzmunc_JESSORE SADAR,0.0019311813
district_KHULNA,0.0018861106
district_KISHOREGANJ,0.001877674
district_SUNAMGANJ,0.0018577941
upzmunc_NARIA,0.0018052581
district_FARIDPUR,0.0017498005
upzmunc_BHOLA SADAR,0.0017109765
upzmunc_CHANDINA,0.0016789061
upzmunc_BISHWANATH,0.0016479252
upzmunc_CHAR FASSION,0.0016003051
district_GAZIPUR,0.0015999693
upzmunc_BANARIPARA,0.0015857697
upzmunc_NATORE SADAR,0.0015735347
district_BARISAL CC.,0.0015671529
upzmunc_KISHOREGONJ SADAR,0.0015237215
upzmunc_KUSHTIA SADAR,0.0015086998
upzmunc_BHALUKA,0.0014441148
upzmunc_NABINAGAR,0.0014251434
upzmunc_ATRAI,0.0014209552
district_CHUADANGA,0.0013767302
upzmunc_BAUPHAL,0.0013599712
upzmunc_GAZIPUR CC.,0.0013494383
upzmunc_MYMENSINGH SADAR,0.0013378387
upzmunc_PABNA MUN.,0.0013314403
upzmunc_MYMENSINGH CC.,0.0013017831
upzmunc_MULADI,0.0012991726
district_DHAKA NORTH CC.,0.0012554842
district_SIRAJGANJ,0.001242549
district_NARSINGDHI,0.0012220043
upzmunc_FARIDPUR SADAR,0.0012112402
upzmunc_NAWABGANJ SADAR,0.0011753321
upzmunc_SHIBGANJ_NAB,0.0011488148
district_JHENAIDAH,0.0011006551
upzmunc_DEBIDWAR,0.001086058
district_NOAKHALI,0.0010754665
district_BHOLA,0.0010501598
upzmunc_TRISHAL,0.0010498205
upzmunc_SINGAIR,0.0010105511
district_DHAKA SOUTH CC.,0.0009873318
upzmunc_BAGHA,0.0009813055
upzmunc_MUNSHIGANJ SADAR,0.0009353023
district_PEROJPUR,0.0009287971
upzmunc_PATIYA,0.0009218888
upzmunc_SHARIATPUR SADAR,0.0009195
upzmunc_RUPGAANJ,0.00091644056
rash_gte3,0.0009023716
upzmunc_SAILAKUPA,0.00086913427
upzmunc_KENDUA,0.00086670124
district_PATUAKHALI,0.00083415915
upzmunc_GOPALGANJ SADAR,0.00082938565
upzmunc_ZANJIRA,0.00077612605
upzmunc_BOALKHALI,0.0007579501
upzmunc_BAGATIPARA,0.0006479826
upzmunc_NAGARPUR,0.0006350033
upzmunc_DAUDKANDI,0.000630389
district_NATORE,0.000627552
upzmunc_BERA,0.0006148291
district_RAJBARI,0.00061379746
district_SYLHET,0.00060012087
upzmunc_PATUAKHALI SADAR,0.0005980394
upzmunc_DAULATKHAN,0.00059310836
upzmunc_KOTALIPARA,0.00058431964
upzmunc_FENI SADAR,0.0005739977
upzmunc_FARIDGANJ,0.00056303886
upzmunc_HALUAGHAT,0.0005193299
upzmunc_SAKHIPUR,0.00051385356
upzmunc_RAOZAN,0.00050210377
upzmunc_LALPUR,0.00048861
upzmunc_SIRAJGANJ SADAR,0.00048351567
upzmunc_BANCHHARAMPUR,0.00048160192
upzmunc_LALMOHAN,0.00047691463
upzmunc_COX'S BAZAR SADAR,0.0004244619
district_JOYPURHAT,0.00041378508
upzmunc_JHIKARGACHHA,0.00040491082
upzmunc_CHANDPUR MUN.,0.00040315036
district_RANGPUR,0.00039949946
district_KURIGRAM,0.0003916704
district_DINAJPUR,0.00037750858
upzmunc_SANDIP,0.0003735001
upzmunc_BHEDARGANJ,0.00036436555
upzmunc_NAWABGANJ MUN.,0.00035824848
upzmunc_NARSINGDI SADAR,0.00035211342
upzmunc_LOHAGARA_CTG,0.00035193784
upzmunc_ISHWARGANJ,0.00034964253
upzmunc_TARA KHANDA,0.00033886428
district_NILPHAMARI,0.00031357424
district_BAGERHAT,0.00030557276
upzmunc_MUKTAGACHHA,0.00030167232
upzmunc_NASIRNAGAR,0.00029229026
upzmunc_FULBARIA_MYM,0.0002800001
upzmunc_RAMGATI,0.00027682786
upzmunc_COX'S BAZAR MUN.,0.00023599465
upzmunc_BOGRA SADAR,0.00023159522
upzmunc_LAKHAI,0.00022325508
upzmunc_KAWKHALI_RMT,0.00022237038
upzmunc_FULPUR,0.00021843184
district_PANCHAGHARH,0.00019683328
district_SHERPUR,0.00019662792
upzmunc_KALKINI,0.00019509373
district_NOAGOAN,0.00019269952
upzmunc_SREEPUR_GAZ,0.00017863722
upzmunc_LAKSAM,0.00016773917
upzmunc_BANSKHALI,0.00016535804
upzmunc_NARSINGDI MUN.,0.00016150797
district_GAZIPUR CC.,0.00014448777
upzmunc_SREENAGAR,0.00014358897
upzmunc_NAWABGANJ,0.0001417674
upzmunc_ATPARA,0.00014153031
upzmunc_GAFFARGAON,0.00014141365
upzmunc_ROYPURA,0.00013109668
upzmunc_ATGHARIA,0.00012275063
upzmunc_SANTHIA,0.000119490214
upzmunc_NANDAIL,0.000119052595
upzmunc_NAGARKANDA,0.000113618604
district_MYMENSINGH CC.,0.00011322513
vax_status_VACCINATED,0.000112934336
upzmunc_GAURIPUR,0.000111558584
upzmunc_RAMU,0.00011004873
upzmunc_SUJANAGAR,9.9529956e-05
upzmunc_MANIKGANJ SADAR,9.716492e-05
upzmunc_DAMUDYA,9.518575e-05
upzmunc_BARISAL CC.,9.459795e-05
upzmunc_KHULNA CC.,9.385541e-05
upzmunc_PURBADHALA,9.204076e-05
upzmunc_DAULATPUR_KUS,9.151116e-05
upzmunc_SATKANIA,8.5033505e-05
upzmunc_GOMASTAPUR,8.251124e-05
upzmunc_LAKSHMIPUR SADAR,7.282075e-05
upzmunc_RAJSHAHI CC.,7.239068e-05
upzmunc_CHAUDDAGRAM,7.035786e-05
upzmunc_PEKUA,6.733136e-05
upzmunc_UKHIA,6.0625596e-05
upzmunc_KUMARKHALI,5.8694917e-05
district_MANIKGANJ,4.24232e-05
upzmunc_ISHWARDI,3.2424297e-05
upzmunc_GURUDASPUR,3.1288273e-05
upzmunc_ARAIHAZAR,2.9908275e-05
upzmunc_DERAI,2.6392376e-05
upzmunc_DAGANBHUIYAN,2.2881775e-05
upzmunc_SINGRA,1.38787045e-05
upzmunc_BAKSHIGANJ,0.0
upzmunc_BHANGURA,0.0
upzmunc_BHERAMARA,0.0
upzmunc_BHOLAHAT,0.0
upzmunc_BHUAPUR,0.0
upzmunc_BHURUNGAMARI,0.0
upzmunc_BIJOYNAGAR,0.0
upzmunc_BIRAL,0.0
upzmunc_BASAIL,0.0
upzmunc_BHANDARIA,0.0
upzmunc_ASSASUNI,0.0
district_NARAYANGANJ CC.,0.0
district_NARAIL,0.0
upzmunc_BAKERGANJ MUN.,0.0
district_SYLHET CC.,0.0
district_RAJSHAHI CC.,0.0
upzmunc_BAJITPUR,0.0
upzmunc_BAHUBAL,0.0
upzmunc_BAGHMARA,0.0
upzmunc_BEANIBAZAR,0.0
upzmunc_CHAR BHADRASAN,0.0
upzmunc_ZAKIGANJ,0.0
upzmunc_WAZIRPUR,0.0
upzmunc_TUNGIPARA,0.0
upzmunc_KAZIPUR,0.0
upzmunc_KAWKHALI_PRJ,0.0
upzmunc_KAUNIA,0.0
upzmunc_KATIADI,0.0
upzmunc_JOYPURHAT SADAR,0.0
upzmunc_JOINTAPUR,0.0
upzmunc_JIBAN NAGAR,0.0
upzmunc_JHENAIGATI,0.0
upzmunc_JHENAIDAH SADAR,0.0
upzmunc_JHENAIDAH MUN.,0.0
upzmunc_GHORAGHAT,0.0
district_Sunamganj,0.0
upzmunc_BAGERHAT SADAR,0.0
upzmunc_BADARGANJ,0.0
upzmunc_BADALGACHHI,0.0
upzmunc_BABUGANJ,0.0
upzmunc_KURIGRAM MUN.,0.0
upzmunc_KULAURA,0.0
upzmunc_KOYRA,0.0
upzmunc_KOTCHANDPUR,0.0
upzmunc_KOMOLNAGAR,0.0
upzmunc_KISHOREGANJ,0.0
upzmunc_KALIGANJ_LAL,0.0
upzmunc_AGAILJHARA,0.0
upzmunc_ADAMDIGHI,0.0
upzmunc_ABHAYNAGAR,0.0
upzmunc_HATHAZARI,0.0
upzmunc_KALAROA,0.0
upzmunc_KALAPARA,0.0
upzmunc_KALAI,0.0
upzmunc_KAHALOO,0.0
upzmunc_KESHABPUR,0.0
upzmunc_JALDHAKA,0.0
upzmunc_JAGANNATHPUR,0.0
upzmunc_ITNA,0.0
upzmunc_GAZARIA,0.0
upzmunc_GAURNADI,0.0
upzmunc_ASHUGANJ,0.0
upzmunc_ANOWARA,0.0
upzmunc_AMTALI,0.0
upzmunc_KALIGANJ_JHE,0.0
upzmunc_KALIGANJ_GAZ,0.0
upzmunc_KALIGANJ MUN.,0.0
upzmunc_JHALAKATHI SADAR,0.0
upzmunc_KANTHALIA,0.0
upzmunc_KANAIGHAT,0.0
upzmunc_KAMARKHANDA,0.0
upzmunc_KURIGRAM SADAR,0.0
upzmunc_JHALAKATHI MUN.,0.0
upzmunc_JAMALPUR SADAR,0.0
upzmunc_JAMALGANJ,0.0
upzmunc_KAMALGANJ,0.0
upzmunc_KALUKHALI,0.0
upzmunc_KALIHATI,0.0
upzmunc_KALIGANJ_SAT,0.0
upzmunc_ISLAMPUR,0.0
upzmunc_ISHWARDI MUN.,0.0
upzmunc_HOSSAINPUR,0.0
upzmunc_HOMNA,0.0
upzmunc_HIZLA,0.0
upzmunc_HATIYA,0.0
upzmunc_BAGHER PARA,0.0
upzmunc_GHIOR,0.0
upzmunc_GHATAIL,0.0
upzmunc_KARNAPHULI,0.0
upzmunc_KALIA,0.0
upzmunc_GANGNI,0.0
upzmunc_GANGACHARA,0.0
upzmunc_GALACHIPA,0.0
upzmunc_GAIBANDHA SADAR,0.0
upzmunc_GABTALI,0.0
upzmunc_FULTALA,0.0
upzmunc_FULGAZI,0.0
upzmunc_FULCHARI,0.0
upzmunc_HAJIGANJ,0.0
upzmunc_HAIMCHAR,0.0
upzmunc_DUMURIA,0.0
upzmunc_DUMKI,0.0
upzmunc_KARIMGANJ,0.0
upzmunc_BHAIRAB,0.0
upzmunc_MADHUPUR,0.0
upzmunc_MADHUKHALI,0.0
upzmunc_KHOKSHA,0.0
upzmunc_KHETLAL,0.0
upzmunc_KHANSAMA,0.0
upzmunc_KHALIAJURI,0.0
upzmunc_KHAGRACHHARI SADAR,0.0
upzmunc_MADAN,0.0
upzmunc_LOHAJANG,0.0
upzmunc_LOHAGARA_NAR,0.0
upzmunc_LANGADU,0.0
upzmunc_LAMA,0.0
upzmunc_LALMONIRHAT SADAR,0.0
upzmunc_LALMONIRHAT MUN.,0.0
upzmunc_KASHIANI,0.0
upzmunc_KASBA,0.0
upzmunc_MAULVIBAZAR MUN.,0.0
upzmunc_MATLAB NORTH,0.0
upzmunc_MATLAB,0.0
upzmunc_MATHBARIA MUN.,0.0
upzmunc_DASHMINA,0.0
upzmunc_DAMURHUDA,0.0
upzmunc_LALMAI,0.0
upzmunc_KUTUBDIA,0.0
upzmunc_MANIRAMPUR,0.0
upzmunc_MANIKGANJ MUN.,0.0
upzmunc_MANIKCHHARI,0.0
upzmunc_MANDA,0.0
upzmunc_MAHESHPUR MUN.,0.0
upzmunc_MAHADEBPUR,0.0
upzmunc_MAGURA SADAR,0.0
upzmunc_MAGURA MUN.,0.0
upzmunc_DIGHALIA,0.0
upzmunc_DHUPCHACHIA,0.0
upzmunc_DHUNAT,0.0
upzmunc_DHOBAURA,0.0
upzmunc_MATHBARIA,0.0
upzmunc_MANPURA,0.0
upzmunc_MADHABPUR,0.0
upzmunc_MADARIPUR MUN.,0.0
upzmunc_MADARGANJ,0.0
upzmunc_MIRZAGANJ,0.0
upzmunc_MIRSHARAI,0.0
upzmunc_MIRPUR,0.0
upzmunc_MELADAHA,0.0
upzmunc_MEHERPUR SADAR,0.0
upzmunc_MEGHNA,0.0
upzmunc_MAULVIBAZAR SADAR,0.0
upzmunc_MORRELGANJ,0.0
upzmunc_MONGLA,0.0
upzmunc_MOLLAHAT,0.0
upzmunc_MOHANPUR,0.0
upzmunc_MOHAMMADPUR,0.0
upzmunc_MITHAPUKUR,0.0
upzmunc_NAOGAON SADAR,0.0
upzmunc_NAOGAON MUN.,0.0
upzmunc_NALITABARI,0.0
upzmunc_DACOPE,0.0
upzmunc_DOHAR,0.0
upzmunc_DINAJPUR SADAR,0.0
upzmunc_DINAJPUR MUN.,0.0
upzmunc_DIMLA,0.0
upzmunc_DIGHINALA,0.0
upzmunc_NALDANGA,0.0
upzmunc_NALCHITY,0.0
upzmunc_NAKLA,0.0
upzmunc_NAIKHONGCHHARI,0.0
upzmunc_NAGESHWARI,0.0
upzmunc_NACHOLE,0.0
upzmunc_NABIGANJ,0.0
upzmunc_NETROKONA MUN.,0.0
upzmunc_NESARABAD,0.0
upzmunc_NAZIRPUR,0.0
upzmunc_NATORE MUN.,0.0
upzmunc_MANOHARDI,0.0
upzmunc_MUNSHIGANJ MUN.,0.0
upzmunc_MUKTAGACHHA MUN.,0.0
upzmunc_MUKSUDPUR,0.0
upzmunc_MUJIBNAGAR,0.0
upzmunc_NILPHAMARI MUN.,0.0
upzmunc_NIKLI,0.0
upzmunc_NIAMATPUR,0.0
upzmunc_NETROKONA SADAR,0.0
upzmunc_PIROJPUR SADAR,0.0
upzmunc_CHUADANGA MUN.,0.0
upzmunc_CHOUMOHANI MUN.,0.0
upzmunc_CHITALMARI,0.0
upzmunc_CHIRIRBANDAR,0.0
upzmunc_CHHATAK,0.0
upzmunc_CHHAGALNAIYA,0.0
upzmunc_CHAUHALI,0.0
upzmunc_DELDUAR,0.0
upzmunc_DEBIHATA,0.0
upzmunc_DEBIGANJ,0.0
upzmunc_DAULATPUR_MNG,0.0
upzmunc_PARBATIPUR,0.0
upzmunc_PANGSHA,0.0
upzmunc_PANCHHARI,0.0
upzmunc_PANCHBIBI,0.0
upzmunc_RANGABALI,0.0
upzmunc_DASKHIN SURMA,0.0
upzmunc_NARAYANGANJ CC.,0.0
upzmunc_NARAIL SADAR,0.0
upzmunc_NARAIL MUN.,0.0
upzmunc_PANCHAGARH SADAR,0.0
upzmunc_PALASHBARI,0.0
upzmunc_PALASH,0.0
upzmunc_PAKUNDIA,0.0
upzmunc_NOWABGANJ,0.0
upzmunc_NOAKHALI MUN.,0.0
upzmunc_NILPHAMARI SADAR,0.0
upzmunc_HARIPUR,0.0
upzmunc_HARINAKUNDA,0.0
upzmunc_KACHUA_CHA,0.0
upzmunc_KACHUA_BAG,0.0
upzmunc_KABIRHAT,0.0
upzmunc_HABIGANJ SADAR,0.0
upzmunc_GOSAIRHAT,0.0
upzmunc_GOPALPUR MUN.,0.0
upzmunc_GOPALPUR,0.0
upzmunc_GOLABGANJ,0.0
upzmunc_GOBINDAGANJ,0.0
upzmunc_GOALANDAGHAT,0.0
upzmunc_BATIAGHATA,0.0
upzmunc_PATHARGHATA,0.0
upzmunc_PARSHURAM,0.0
upzmunc_PARBATIPUR MUN.,0.0
upzmunc_RAJOIR,0.0
upzmunc_RAJNAGAR,0.0
upzmunc_RAJBARI SADAR,0.0
upzmunc_RAJBARI MUN.,0.0
upzmunc_RAJASTHALI,0.0
upzmunc_RAJAPUR,0.0
upzmunc_RAJAHAT,0.0
upzmunc_PORSHA,0.0
upzmunc_SAGHATTA,0.0
upzmunc_SADULLAPUR,0.0
upzmunc_PIROJPUR MUN.,0.0
upzmunc_PIRGANJ_RAN,0.0
upzmunc_PIRGACHHA,0.0
upzmunc_PATUAKHALI MUN.,0.0
upzmunc_PATNITALA,0.0
upzmunc_HARIRAMPUR,0.0
upzmunc_DHARMAPASHA,0.0
upzmunc_ROYPUR,0.0
upzmunc_ROYGANJ,0.0
upzmunc_RAUMARI,0.0
upzmunc_RANISANKAIL,0.0
upzmunc_RANINAGAR,0.0
upzmunc_RANGUNIA,0.0
upzmunc_RANGPUR SADAR,0.0
upzmunc_RANGPUR CC.,0.0
upzmunc_RANGAMATI SADAR,0.0
upzmunc_SATURIA,0.0
upzmunc_SATKHIRA SADAR,0.0
upzmunc_SATKHIRA MUN.,0.0
upzmunc_RAMPAL,0.0
upzmunc_RAMGARH,0.0
upzmunc_RAMGANJ,0.0
upzmunc_SHERPUR MUN.,0.0
upzmunc_SHERPUR,0.0
upzmunc_SADARPUR,0.0
upzmunc_RUPSA,0.0
upzmunc_BARHATTA,0.0
upzmunc_BARGUNA MUN.,0.0
upzmunc_BARAIGRAM,0.0
upzmunc_BANIACHONG,0.0
upzmunc_BANDARBAN SADAR,0.0
upzmunc_BANDAR,0.0
upzmunc_BALIAKANDI,0.0
upzmunc_BALIADANGI,0.0
upzmunc_BALAGANJ,0.0
upzmunc_DOMAR,0.0
upzmunc_AUSTAGRAM,0.0
upzmunc_ATWARI,0.0
upzmunc_SREEMANGAL,0.0
upzmunc_SREEBARDI,0.0
upzmunc_SONATOLA,0.0
upzmunc_SONAIMURI,0.0
upzmunc_SONAGAZI,0.0
upzmunc_SIRAJGANJ MUN.,0.0
upzmunc_SARISHABARI,0.0
upzmunc_SARIAKANDI,0.0
upzmunc_SARANKHOLA,0.0
upzmunc_SARAIL,0.0
upzmunc_SAPAHAR,0.0
upzmunc_SALTHA,0.0
upzmunc_SAIDPUR,0.0
upzmunc_SHIBCHAR,0.0
upzmunc_SHIBALAYA,0.0
upzmunc_SHERPUR SADAR,0.0
upzmunc_BRAHMAN PARA,0.0
upzmunc_COMPANIGANJ,0.0
upzmunc_COMILLA CC.,0.0
upzmunc_CHUNARUGHAT,0.0
upzmunc_CHUADANGA SADAR,0.0
upzmunc_SHIBGANJ_BOG,0.0
upzmunc_SHIBGANJ MUN.,0.0
upzmunc_SHARSHA,0.0
upzmunc_SHARIATPUR MUN.,0.0
upzmunc_SHANTIGANJ,0.0
upzmunc_SHALIKHA,0.0
upzmunc_SHAKHIPUR,0.0
upzmunc_SHAHRASTI,0.0
upzmunc_SHAHJAHANPUR,0.0
upzmunc_SHAHJADPUR,0.0
upzmunc_SERAJDIKHAN,0.0
upzmunc_SYLHET CC.,0.0
upzmunc_SUNDARGANJ,0.0
upzmunc_SUNAMGANJ MUN.,0.0
upzmunc_SULLA,0.0
upzmunc_SUBARNACHAR,0.0
upzmunc_SREEMANGAL MUN.,0.0
upzmunc_ULLAPARA,0.0
upzmunc_ULIPUR,0.0
upzmunc_DEWANGANJ,0.0
upzmunc_SHYAMNAGAR,0.0
upzmunc_SHIBPUR,0.0
upzmunc_CHANDANAISH,0.0
upzmunc_BURICHANG,0.0
upzmunc_BURHANUDDIN,0.0
upzmunc_BRAHMANBARIA SADAR,0.0
upzmunc_BRAHMANBARIA MUN.,0.0
upzmunc_TONGIBARI,0.0
upzmunc_THAKURGAON SADAR,0.0
upzmunc_TEROKHADA,0.0
upzmunc_TEKNAF,0.0
upzmunc_TEJGAON,0.0
upzmunc_TAZUMUDDIN,0.0
upzmunc_TARASH,0.0
upzmunc_TARAIL,0.0
upzmunc_TANORE,0.0
district_BANDARBAN,0.0
upzmunc_ZIANAGAR,0.0
upzmunc_TANGAIL SADAR,0.0
upzmunc_TALTOLY,0.0
upzmunc_TALA,0.0
upzmunc_TAHIRPUR,0.0
upzmunc_SYLHET SADAR,0.0
upzmunc_BIRGANJ,0.0
upzmunc_FULBARIA_DNJ,0.0
upzmunc_FULBARIA MUN.,0.0
upzmunc_FENI MUN.,0.0
upzmunc_FENCHUGANJ,0.0
upzmunc_FATIKCHHARI,0.0
upzmunc_FARIDPUR,0.0
upzmunc_DURGAPUR_RAJ,0.0
upzmunc_DURGAPUR_NET,0.0
district_LALMONIRHAT,0.0
upzmunc_BELABO,0.0
district_GAIBANDHA,0.0
district_COMILLA CC.,0.0
upzmunc_DHANBARI,0.0
upzmunc_BARURA,0.0
upzmunc_CHATKHIL,0.0
upzmunc_BETAGI,0.0
upzmunc_BELKUCHI,0.0
district_KHULNA CC.,0.0
upzmunc_ALIKADAM,0.0
upzmunc_ALFADANGA,0.0
upzmunc_ALAMDANGA,0.0
upzmunc_AKKELPUR,0.0
upzmunc_AKHURA,0.0
upzmunc_BEGUMGANJ,0.0
district_RANGPUR CC.,0.0
upzmunc_CHATMOHAR,0.0
upzmunc_BARKAL,0.0
upzmunc_BOGRA MUN.,0.0
upzmunc_BODA,0.0
upzmunc_BOALMARI,0.0
upzmunc_BISHWAMBARPUR,0.0
